{"palindrome_repair": 0.5600000023841858}{"keyval_backdoors": 1.0}{"binary_ood": 1.0}{"palindrome_repair": 0.5600000023841858}